id,userid,password,email
14,sophia,dc40cd8d0d1a00b00d62806137278f6e2de26ff02d645fbd7c04556f81f05f19,sophia@example.com
15,daniel,27665f518c44e1bfb1a35c700b78fc83a1506946df851d141bd76a1588810886,daniel@example.com
16,arjun,b1ee0ab9e87215f6ddb35c85808b03421411d22c8519268f7d528baa74c8d2c3,arjun@example.com
17,mia,366eb20e9fc6227e9be18ab43adc3d146ab1f589d820de5eab3d45eb57f0fa30,mia@example.com
18,ethan,05ba533f276ee59b71584e642e1a22e488798524da16545a780bd33b2fb74ba1,ethan@example.com
19,zoe,91e37ca9b196c1e6ecfdd9de698d021feee0886c22ba1943f864a5815a9cf09e,zoe@example.com
20,aarav,22d2572e60b72c3296284e2f27fb3e225363e091af5508930cfd0a405639a16a,aarav@example.com
21,isabella,28a93c2b86ae8f39643dfac76bdd1048189dc3e30d259d704ce6092e6c1bdd29,isabella@example.com
22,noah,06790486d3ff75c5507ad75340e711517bd1d048c4b8e13f1965c0e51155929d,noah@example.com
23,emma,435f47829f11d5ee5b09c20cd3b9fa0a7c96e2a7a9162837ff1bce6b0351ffaf,emma@example.com
24,raj,9299bf316d2cba7633fd5b52508954508e3256cadcf48c03a736b9cc60337638,raj@example.com
25,grace,2bbfca2044cd738a67221375ae6ca21bc9ec7d21ac7e24ca8145a3bc1441915f,grace@example.com
26,oliver,576d3a69ea3c51278a2eaa76723c9d1a90ea814e0c67234871b179ae7508f52e,oliver@example.com
27,ava,6a04a1dfbf9f77e105c800b69a84ad0043121b0ccadd26942823a041f97dc073,ava@example.com
28,vihan,2f7151416eeeb984ecab409b43ad71e312e62afd6e853cd720c5bce3e8c0e601,vihan@example.com
29,lily,ee43e17c639808cf676425fc33c46d0ee76de7bc21ece802147625c112bcf0c3,lily@example.com
30,jay,8253564fb1ef91d20acaa11589f61aa0926bdaef48be357b1413128723585f15,jay@example.com
31,sofia,635007fda8bd7d06c4d80e36a221728b5fa8e0ff385accc88253043e8ba29b90,sofia@example.com
32,ryan,0a5ab192283c9035cb3dfc6d8ce0babb2c8aaf4e05693f37ea13b5b4a70ab0f3,ryan@example.com
33,meera,d45ef9de7d9d8a7267861b88bc2dbeb667d4acd7ecdc738b474643f539a7f0d2,meera@example.com
34,karnishwar,6bb7e7e917dcd3b71c7e3bff42be02a014363bace1cab603f8186ee4c5f68f56,karnishwar@gmail.com
35,anandha,89d1edb78558530cb22a6d0a668ee4085cc477f15c2967573ff2158286f21034,anandhus@gmail.com
36,admin,a44ca5d29f6dab4320ab986479fa985b2d584b11a7da934f7e80bb1449913a07,admin@gmail.com
37,DBS,1bad3de5413a4c92129b9675717f4bc2eaa7545a61ccb97e4660fb1676ecd998,Dublin@gmail.com
38,Programming,155106bbf7a5bb5e9a967018cc62ed52edba5650e2b48f845d35fc98f4e513f1,programming@gmail.com
39,Dublin,8bee247518064ad4c6f6b662eaefb5791b1d3a053b1828b34f475c82bfb0b862,dublin@gmail.com
